index,set,distance,position,adjusted_position
Q8,egf_a,4.17,8,8
T10,egf_a,5.03,10,10
S11,egf_a,3.87,11,11
N12,egf_a,3.43,12,12
K13,egf_a,4.1,13,13
L14,egf_a,3.29,14,14
T15,egf_a,3.1,15,15
Q16,egf_a,2.96,16,16
L17,egf_a,3.32,17,17
G18,egf_a,2.91,18,18
T19,egf_a,4.96,19,19
D22,egf_a,3.36,22,22
S26,egf_a,5.14,26,26
R29,egf_a,3.21,29,29
M30,egf_a,3.45,30,30
Y45,egf_a,3.58,45,45
A68,egf_a,4.83,68,68
L69,egf_a,3.78,69,69
Y89,egf_a,4.32,89,89
L98,egf_a,3.71,98,98
S99,egf_a,3.46,99,99
Y101,egf_a,3.37,101,101
S127,egf_a,4.58,127,127
N128,egf_a,3.66,128,128
D323,egf_a,,323,16
L325,egf_a,,325,18
H346,egf_a,,346,39
L348,egf_a,,348,41
P349,egf_a,,349,42
V350,egf_a,,350,43
R353,egf_a,,353,46
G354,egf_a,,354,47
D355,egf_a,,355,48
S356,egf_a,,356,49
F357,egf_a,,357,50
T358,egf_a,,358,51
F380,egf_a,,380,73
L382,egf_a,,382,75
Q384,egf_a,,384,77
Q408,egf_a,,408,101
H409,egf_a,,409,102
Q411,egf_a,,411,104
F412,egf_a,,412,105
A415,egf_a,,415,108
V417,egf_a,,417,110
S418,egf_a,,418,111
I438,egf_a,,438,131
S440,egf_a,,440,133
G441,egf_a,,441,134
K465,egf_a,,465,158
I467,egf_a,,467,160
S468,egf_a,,468,161
N442,egf_a,,442,135
K443,egf_a,,443,136
K463,egf_a,,463,156
I466,egf_a,,466,159
N469,egf_a,,469,162
R470,egf_a,,470,163
G471,egf_a,,471,164
E472,egf_a,,472,165
N473,egf_a,,473,166
S474,egf_a,,474,167
I41,egf_a,,41,41
L42,egf_a,,42,42
P43,egf_a,,43,43
L76,egf_a,,76,76
Q78,egf_a,,78,78
A79,egf_a,,79,79
E82,egf_a,,82,82
Q102,egf_a,,102,102
H103,egf_a,,103,103
Q105,egf_a,,105,105
F106,egf_a,,106,106
A109,egf_a,,109,109
V111,egf_a,,111,111
S112,egf_a,,112,112
L113,egf_a,,113,113
N114,egf_a,,114,114
I132,egf_a,,132,132
S134,egf_a,,134,134
G135,egf_a,,135,135
N136,egf_a,,136,136
K137,egf_a,,137,137
K159,egf_a,,159,159
I161,egf_a,,161,161
R162,egf_a,,162,162
N143,egf_a,,143,143
T158,egf_a,,158,158
I160,egf_a,,160,160
S162,egf_a,,162,162
N163,egf_a,,163,163
R164,egf_a,,164,164
G165,egf_a,,165,165
E166,egf_a,,166,166
N167,egf_a,,167,167
S168,egf_a,,168,168
R47,egf_a,,47,47
V110,egf_a,,110,110
D114,egf_a,,114,114
Q8,egf_b,,8,8
T10,egf_b,,10,10
S11,egf_b,,11,11
N12,egf_b,,12,12
K13,egf_b,,13,13
L14,egf_b,,14,14
T15,egf_b,,15,15
Q16,egf_b,,16,16
L17,egf_b,,17,17
G18,egf_b,,18,18
T19,egf_b,,19,19
D22,egf_b,,22,22
S26,egf_b,,26,26
R29,egf_b,,29,29
M30,egf_b,,30,30
Y45,egf_b,,45,45
A68,egf_b,,68,68
L69,egf_b,,69,69
Y89,egf_b,,89,89
L98,egf_b,,98,98
S99,egf_b,,99,99
Y101,egf_b,,101,101
S127,egf_b,,127,127
N128,egf_b,,128,128
D323,egf_b,5.8,323,16
L325,egf_b,3.67,325,18
H346,egf_b,3.53,346,39
L348,egf_b,3.79,348,41
P349,egf_b,3.78,349,42
V350,egf_b,3.75,350,43
R353,egf_b,3.75,353,46
G354,egf_b,5.74,354,47
D355,egf_b,3.53,355,48
S356,egf_b,3.38,356,49
F357,egf_b,3.36,357,50
T358,egf_b,4.54,358,51
F380,egf_b,5.56,380,73
L382,egf_b,4.02,382,75
Q384,egf_b,3.41,384,77
Q408,egf_b,3.74,408,101
H409,egf_b,3.73,409,102
Q411,egf_b,4.03,411,104
F412,egf_b,3.17,412,105
A415,egf_b,3.74,415,108
V417,egf_b,4.24,417,110
S418,egf_b,4.37,418,111
I438,egf_b,3.28,438,131
S440,egf_b,3.19,440,133
G441,egf_b,3.72,441,134
K465,egf_b,3.99,465,158
I467,egf_b,5.38,467,160
S468,egf_b,5.4,468,161
N442,egf_b,,442,135
K443,egf_b,,443,136
K463,egf_b,,463,156
I466,egf_b,,466,159
N469,egf_b,,469,162
R470,egf_b,,470,163
G471,egf_b,,471,164
E472,egf_b,,472,165
N473,egf_b,,473,166
S474,egf_b,,474,167
I41,egf_b,,41,41
L42,egf_b,,42,42
P43,egf_b,,43,43
L76,egf_b,,76,76
Q78,egf_b,,78,78
A79,egf_b,,79,79
E82,egf_b,,82,82
Q102,egf_b,,102,102
H103,egf_b,,103,103
Q105,egf_b,,105,105
F106,egf_b,,106,106
A109,egf_b,,109,109
V111,egf_b,,111,111
S112,egf_b,,112,112
L113,egf_b,,113,113
N114,egf_b,,114,114
I132,egf_b,,132,132
S134,egf_b,,134,134
G135,egf_b,,135,135
N136,egf_b,,136,136
K137,egf_b,,137,137
K159,egf_b,,159,159
I161,egf_b,,161,161
R162,egf_b,,162,162
N143,egf_b,,143,143
T158,egf_b,,158,158
I160,egf_b,,160,160
S162,egf_b,,162,162
N163,egf_b,,163,163
R164,egf_b,,164,164
G165,egf_b,,165,165
E166,egf_b,,166,166
N167,egf_b,,167,167
S168,egf_b,,168,168
R47,egf_b,,47,47
V110,egf_b,,110,110
D114,egf_b,,114,114
Q8,cetuximab_a,,8,8
T10,cetuximab_a,,10,10
S11,cetuximab_a,,11,11
N12,cetuximab_a,,12,12
K13,cetuximab_a,,13,13
L14,cetuximab_a,,14,14
T15,cetuximab_a,,15,15
Q16,cetuximab_a,,16,16
L17,cetuximab_a,,17,17
G18,cetuximab_a,,18,18
T19,cetuximab_a,,19,19
D22,cetuximab_a,,22,22
S26,cetuximab_a,,26,26
R29,cetuximab_a,,29,29
M30,cetuximab_a,,30,30
Y45,cetuximab_a,,45,45
A68,cetuximab_a,,68,68
L69,cetuximab_a,,69,69
Y89,cetuximab_a,,89,89
L98,cetuximab_a,,98,98
S99,cetuximab_a,,99,99
Y101,cetuximab_a,,101,101
S127,cetuximab_a,,127,127
N128,cetuximab_a,,128,128
D323,cetuximab_a,,323,16
L325,cetuximab_a,,325,18
H346,cetuximab_a,,346,39
L348,cetuximab_a,,348,41
P349,cetuximab_a,,349,42
V350,cetuximab_a,,350,43
R353,cetuximab_a,,353,46
G354,cetuximab_a,,354,47
D355,cetuximab_a,,355,48
S356,cetuximab_a,,356,49
F357,cetuximab_a,,357,50
T358,cetuximab_a,,358,51
F380,cetuximab_a,,380,73
L382,cetuximab_a,,382,75
Q384,cetuximab_a,,384,77
Q408,cetuximab_a,,408,101
H409,cetuximab_a,,409,102
Q411,cetuximab_a,,411,104
F412,cetuximab_a,,412,105
A415,cetuximab_a,,415,108
V417,cetuximab_a,,417,110
S418,cetuximab_a,,418,111
I438,cetuximab_a,,438,131
S440,cetuximab_a,,440,133
G441,cetuximab_a,4.07,441,134
K465,cetuximab_a,3.22,465,158
I467,cetuximab_a,3.05,467,160
S468,cetuximab_a,2.82,468,161
N442,cetuximab_a,4.91,442,135
K443,cetuximab_a,3.77,443,136
K463,cetuximab_a,5.61,463,156
I466,cetuximab_a,3.92,466,159
N469,cetuximab_a,2.7,469,162
R470,cetuximab_a,4.81,470,163
G471,cetuximab_a,3.44,471,164
E472,cetuximab_a,4.24,472,165
N473,cetuximab_a,3.08,473,166
S474,cetuximab_a,5.16,474,167
I41,cetuximab_a,,41,41
L42,cetuximab_a,,42,42
P43,cetuximab_a,,43,43
L76,cetuximab_a,,76,76
Q78,cetuximab_a,,78,78
A79,cetuximab_a,,79,79
E82,cetuximab_a,,82,82
Q102,cetuximab_a,,102,102
H103,cetuximab_a,,103,103
Q105,cetuximab_a,,105,105
F106,cetuximab_a,,106,106
A109,cetuximab_a,,109,109
V111,cetuximab_a,,111,111
S112,cetuximab_a,,112,112
L113,cetuximab_a,,113,113
N114,cetuximab_a,,114,114
I132,cetuximab_a,,132,132
S134,cetuximab_a,,134,134
G135,cetuximab_a,,135,135
N136,cetuximab_a,,136,136
K137,cetuximab_a,,137,137
K159,cetuximab_a,,159,159
I161,cetuximab_a,,161,161
R162,cetuximab_a,,162,162
N143,cetuximab_a,,143,143
T158,cetuximab_a,,158,158
I160,cetuximab_a,,160,160
S162,cetuximab_a,,162,162
N163,cetuximab_a,,163,163
R164,cetuximab_a,,164,164
G165,cetuximab_a,,165,165
E166,cetuximab_a,,166,166
N167,cetuximab_a,,167,167
S168,cetuximab_a,,168,168
R47,cetuximab_a,,47,47
V110,cetuximab_a,,110,110
D114,cetuximab_a,,114,114
Q8,cetuximab_b,,8,8
T10,cetuximab_b,,10,10
S11,cetuximab_b,,11,11
N12,cetuximab_b,,12,12
K13,cetuximab_b,,13,13
L14,cetuximab_b,,14,14
T15,cetuximab_b,,15,15
Q16,cetuximab_b,,16,16
L17,cetuximab_b,,17,17
G18,cetuximab_b,,18,18
T19,cetuximab_b,,19,19
D22,cetuximab_b,,22,22
S26,cetuximab_b,,26,26
R29,cetuximab_b,,29,29
M30,cetuximab_b,,30,30
Y45,cetuximab_b,,45,45
A68,cetuximab_b,,68,68
L69,cetuximab_b,,69,69
Y89,cetuximab_b,,89,89
L98,cetuximab_b,,98,98
S99,cetuximab_b,,99,99
Y101,cetuximab_b,,101,101
S127,cetuximab_b,,127,127
N128,cetuximab_b,,128,128
D323,cetuximab_b,,323,16
L325,cetuximab_b,,325,18
H346,cetuximab_b,,346,39
L348,cetuximab_b,,348,41
P349,cetuximab_b,3.42,349,42
V350,cetuximab_b,4.47,350,43
R353,cetuximab_b,3.61,353,46
G354,cetuximab_b,,354,47
D355,cetuximab_b,,355,48
S356,cetuximab_b,,356,49
F357,cetuximab_b,,357,50
T358,cetuximab_b,,358,51
F380,cetuximab_b,,380,73
L382,cetuximab_b,3.55,382,75
Q384,cetuximab_b,3.43,384,77
Q408,cetuximab_b,2.6,408,101
H409,cetuximab_b,3.47,409,102
Q411,cetuximab_b,3.88,411,104
F412,cetuximab_b,3.85,412,105
A415,cetuximab_b,4.13,415,108
V417,cetuximab_b,3.59,417,110
S418,cetuximab_b,3.26,418,111
I438,cetuximab_b,3.45,438,131
S440,cetuximab_b,2.74,440,133
G441,cetuximab_b,3.3,441,134
K465,cetuximab_b,2.77,465,158
I467,cetuximab_b,3.07,467,160
S468,cetuximab_b,3.59,468,161
N442,cetuximab_b,,442,135
K443,cetuximab_b,3.39,443,136
K463,cetuximab_b,,463,156
I466,cetuximab_b,,466,159
N469,cetuximab_b,,469,162
R470,cetuximab_b,,470,163
G471,cetuximab_b,,471,164
E472,cetuximab_b,,472,165
N473,cetuximab_b,,473,166
S474,cetuximab_b,,474,167
I41,cetuximab_b,,41,41
L42,cetuximab_b,,42,42
P43,cetuximab_b,,43,43
L76,cetuximab_b,,76,76
Q78,cetuximab_b,,78,78
A79,cetuximab_b,,79,79
E82,cetuximab_b,,82,82
Q102,cetuximab_b,,102,102
H103,cetuximab_b,,103,103
Q105,cetuximab_b,,105,105
F106,cetuximab_b,,106,106
A109,cetuximab_b,,109,109
V111,cetuximab_b,,111,111
S112,cetuximab_b,,112,112
L113,cetuximab_b,,113,113
N114,cetuximab_b,,114,114
I132,cetuximab_b,,132,132
S134,cetuximab_b,,134,134
G135,cetuximab_b,,135,135
N136,cetuximab_b,,136,136
K137,cetuximab_b,,137,137
K159,cetuximab_b,,159,159
I161,cetuximab_b,,161,161
R162,cetuximab_b,,162,162
N143,cetuximab_b,,143,143
T158,cetuximab_b,,158,158
I160,cetuximab_b,,160,160
S162,cetuximab_b,,162,162
N163,cetuximab_b,,163,163
R164,cetuximab_b,,164,164
G165,cetuximab_b,,165,165
E166,cetuximab_b,,166,166
N167,cetuximab_b,,167,167
S168,cetuximab_b,,168,168
R47,cetuximab_b,,47,47
V110,cetuximab_b,,110,110
D114,cetuximab_b,,114,114
Q8,Necitumumab,,8,8
T10,Necitumumab,,10,10
S11,Necitumumab,,11,11
N12,Necitumumab,,12,12
K13,Necitumumab,,13,13
L14,Necitumumab,,14,14
T15,Necitumumab,,15,15
Q16,Necitumumab,,16,16
L17,Necitumumab,,17,17
G18,Necitumumab,,18,18
T19,Necitumumab,,19,19
D22,Necitumumab,,22,22
S26,Necitumumab,,26,26
R29,Necitumumab,,29,29
M30,Necitumumab,,30,30
Y45,Necitumumab,,45,45
A68,Necitumumab,,68,68
L69,Necitumumab,,69,69
Y89,Necitumumab,,89,89
L98,Necitumumab,,98,98
S99,Necitumumab,,99,99
Y101,Necitumumab,,101,101
S127,Necitumumab,,127,127
N128,Necitumumab,,128,128
D323,Necitumumab,,323,16
L325,Necitumumab,,325,18
H346,Necitumumab,,346,39
L348,Necitumumab,,348,41
P349,Necitumumab,,349,42
V350,Necitumumab,,350,43
R353,Necitumumab,,353,46
G354,Necitumumab,,354,47
D355,Necitumumab,,355,48
S356,Necitumumab,,356,49
F357,Necitumumab,,357,50
T358,Necitumumab,,358,51
F380,Necitumumab,,380,73
L382,Necitumumab,,382,75
Q384,Necitumumab,,384,77
Q408,Necitumumab,,408,101
H409,Necitumumab,,409,102
Q411,Necitumumab,,411,104
F412,Necitumumab,,412,105
A415,Necitumumab,,415,108
V417,Necitumumab,,417,110
S418,Necitumumab,,418,111
I438,Necitumumab,,438,131
S440,Necitumumab,,440,133
G441,Necitumumab,,441,134
K465,Necitumumab,,465,158
I467,Necitumumab,,467,160
S468,Necitumumab,,468,161
N442,Necitumumab,,442,135
K443,Necitumumab,,443,136
K463,Necitumumab,,463,156
I466,Necitumumab,,466,159
N469,Necitumumab,,469,162
R470,Necitumumab,,470,163
G471,Necitumumab,,471,164
E472,Necitumumab,,472,165
N473,Necitumumab,,473,166
S474,Necitumumab,,474,167
I41,Necitumumab,5.69,41,41
L42,Necitumumab,3.68,42,42
P43,Necitumumab,3.1,43,43
L76,Necitumumab,4.6,76,76
Q78,Necitumumab,2.41,78,78
A79,Necitumumab,4.58,79,79
E82,Necitumumab,4.81,82,82
Q102,Necitumumab,4.25,102,102
H103,Necitumumab,2.93,103,103
Q105,Necitumumab,4.93,105,105
F106,Necitumumab,3.61,106,106
A109,Necitumumab,4.14,109,109
V111,Necitumumab,3.34,111,111
S112,Necitumumab,2.86,112,112
L113,Necitumumab,4.86,113,113
N114,Necitumumab,5.74,114,114
I132,Necitumumab,3.59,132,132
S134,Necitumumab,3.0,134,134
G135,Necitumumab,3.42,135,135
N136,Necitumumab,5.19,136,136
K137,Necitumumab,3.02,137,137
K159,Necitumumab,4.12,159,159
I161,Necitumumab,5.39,161,161
R162,Necitumumab,3.19,162,162
N143,Necitumumab,,143,143
T158,Necitumumab,,158,158
I160,Necitumumab,,160,160
S162,Necitumumab,,162,162
N163,Necitumumab,,163,163
R164,Necitumumab,,164,164
G165,Necitumumab,,165,165
E166,Necitumumab,,166,166
N167,Necitumumab,,167,167
S168,Necitumumab,,168,168
R47,Necitumumab,,47,47
V110,Necitumumab,,110,110
D114,Necitumumab,,114,114
Q8,panitumumab_a,,8,8
T10,panitumumab_a,,10,10
S11,panitumumab_a,,11,11
N12,panitumumab_a,,12,12
K13,panitumumab_a,,13,13
L14,panitumumab_a,,14,14
T15,panitumumab_a,,15,15
Q16,panitumumab_a,,16,16
L17,panitumumab_a,,17,17
G18,panitumumab_a,,18,18
T19,panitumumab_a,,19,19
D22,panitumumab_a,,22,22
S26,panitumumab_a,,26,26
R29,panitumumab_a,,29,29
M30,panitumumab_a,,30,30
Y45,panitumumab_a,,45,45
A68,panitumumab_a,,68,68
L69,panitumumab_a,,69,69
Y89,panitumumab_a,,89,89
L98,panitumumab_a,,98,98
S99,panitumumab_a,,99,99
Y101,panitumumab_a,,101,101
S127,panitumumab_a,,127,127
N128,panitumumab_a,,128,128
D323,panitumumab_a,,323,16
L325,panitumumab_a,,325,18
H346,panitumumab_a,,346,39
L348,panitumumab_a,,348,41
P349,panitumumab_a,,349,42
V350,panitumumab_a,,350,43
R353,panitumumab_a,,353,46
G354,panitumumab_a,,354,47
D355,panitumumab_a,,355,48
S356,panitumumab_a,,356,49
F357,panitumumab_a,,357,50
T358,panitumumab_a,,358,51
F380,panitumumab_a,,380,73
L382,panitumumab_a,,382,75
Q384,panitumumab_a,,384,77
Q408,panitumumab_a,,408,101
H409,panitumumab_a,,409,102
Q411,panitumumab_a,,411,104
F412,panitumumab_a,,412,105
A415,panitumumab_a,,415,108
V417,panitumumab_a,,417,110
S418,panitumumab_a,,418,111
I438,panitumumab_a,,438,131
S440,panitumumab_a,,440,133
G441,panitumumab_a,,441,134
K465,panitumumab_a,,465,158
I467,panitumumab_a,,467,160
S468,panitumumab_a,,468,161
N442,panitumumab_a,,442,135
K443,panitumumab_a,,443,136
K463,panitumumab_a,,463,156
I466,panitumumab_a,,466,159
N469,panitumumab_a,,469,162
R470,panitumumab_a,,470,163
G471,panitumumab_a,,471,164
E472,panitumumab_a,,472,165
N473,panitumumab_a,,473,166
S474,panitumumab_a,,474,167
I41,panitumumab_a,,41,41
L42,panitumumab_a,,42,42
P43,panitumumab_a,,43,43
L76,panitumumab_a,,76,76
Q78,panitumumab_a,,78,78
A79,panitumumab_a,,79,79
E82,panitumumab_a,,82,82
Q102,panitumumab_a,,102,102
H103,panitumumab_a,,103,103
Q105,panitumumab_a,,105,105
F106,panitumumab_a,,106,106
A109,panitumumab_a,,109,109
V111,panitumumab_a,,111,111
S112,panitumumab_a,,112,112
L113,panitumumab_a,,113,113
N114,panitumumab_a,,114,114
I132,panitumumab_a,,132,132
S134,panitumumab_a,,134,134
G135,panitumumab_a,5.35,135,135
N136,panitumumab_a,4.96,136,136
K137,panitumumab_a,4.28,137,137
K159,panitumumab_a,2.78,159,159
I161,panitumumab_a,3.15,161,161
R162,panitumumab_a,,162,162
N143,panitumumab_a,4.21,143,143
T158,panitumumab_a,3.1,158,158
I160,panitumumab_a,3.35,160,160
S162,panitumumab_a,3.23,162,162
N163,panitumumab_a,2.79,163,163
R164,panitumumab_a,4.02,164,164
G165,panitumumab_a,3.73,165,165
E166,panitumumab_a,4.61,166,166
N167,panitumumab_a,2.53,167,167
S168,panitumumab_a,5.07,168,168
R47,panitumumab_a,,47,47
V110,panitumumab_a,,110,110
D114,panitumumab_a,,114,114
Q8,panitumumab_b,,8,8
T10,panitumumab_b,,10,10
S11,panitumumab_b,,11,11
N12,panitumumab_b,,12,12
K13,panitumumab_b,,13,13
L14,panitumumab_b,,14,14
T15,panitumumab_b,,15,15
Q16,panitumumab_b,,16,16
L17,panitumumab_b,,17,17
G18,panitumumab_b,,18,18
T19,panitumumab_b,,19,19
D22,panitumumab_b,,22,22
S26,panitumumab_b,,26,26
R29,panitumumab_b,,29,29
M30,panitumumab_b,,30,30
Y45,panitumumab_b,,45,45
A68,panitumumab_b,,68,68
L69,panitumumab_b,,69,69
Y89,panitumumab_b,,89,89
L98,panitumumab_b,,98,98
S99,panitumumab_b,,99,99
Y101,panitumumab_b,,101,101
S127,panitumumab_b,,127,127
N128,panitumumab_b,,128,128
D323,panitumumab_b,,323,16
L325,panitumumab_b,,325,18
H346,panitumumab_b,,346,39
L348,panitumumab_b,,348,41
P349,panitumumab_b,,349,42
V350,panitumumab_b,,350,43
R353,panitumumab_b,,353,46
G354,panitumumab_b,,354,47
D355,panitumumab_b,,355,48
S356,panitumumab_b,,356,49
F357,panitumumab_b,,357,50
T358,panitumumab_b,,358,51
F380,panitumumab_b,,380,73
L382,panitumumab_b,,382,75
Q384,panitumumab_b,,384,77
Q408,panitumumab_b,,408,101
H409,panitumumab_b,,409,102
Q411,panitumumab_b,,411,104
F412,panitumumab_b,,412,105
A415,panitumumab_b,,415,108
V417,panitumumab_b,,417,110
S418,panitumumab_b,,418,111
I438,panitumumab_b,,438,131
S440,panitumumab_b,,440,133
G441,panitumumab_b,,441,134
K465,panitumumab_b,,465,158
I467,panitumumab_b,,467,160
S468,panitumumab_b,,468,161
N442,panitumumab_b,,442,135
K443,panitumumab_b,,443,136
K463,panitumumab_b,,463,156
I466,panitumumab_b,,466,159
N469,panitumumab_b,,469,162
R470,panitumumab_b,,470,163
G471,panitumumab_b,,471,164
E472,panitumumab_b,,472,165
N473,panitumumab_b,,473,166
S474,panitumumab_b,,474,167
I41,panitumumab_b,,41,41
L42,panitumumab_b,3.98,42,42
P43,panitumumab_b,3.2,43,43
L76,panitumumab_b,,76,76
Q78,panitumumab_b,2.21,78,78
A79,panitumumab_b,5.43,79,79
E82,panitumumab_b,,82,82
Q102,panitumumab_b,3.54,102,102
H103,panitumumab_b,3.25,103,103
Q105,panitumumab_b,5.97,105,105
F106,panitumumab_b,5.07,106,106
A109,panitumumab_b,,109,109
V111,panitumumab_b,3.32,111,111
S112,panitumumab_b,3.24,112,112
L113,panitumumab_b,5.05,113,113
N114,panitumumab_b,,114,114
I132,panitumumab_b,3.61,132,132
S134,panitumumab_b,3.09,134,134
G135,panitumumab_b,3.33,135,135
N136,panitumumab_b,5.24,136,136
K137,panitumumab_b,2.45,137,137
K159,panitumumab_b,3.1,159,159
I161,panitumumab_b,3.23,161,161
R162,panitumumab_b,,162,162
N143,panitumumab_b,,143,143
T158,panitumumab_b,,158,158
I160,panitumumab_b,,160,160
S162,panitumumab_b,4.78,162,162
N163,panitumumab_b,,163,163
R164,panitumumab_b,,164,164
G165,panitumumab_b,,165,165
E166,panitumumab_b,,166,166
N167,panitumumab_b,,167,167
S168,panitumumab_b,,168,168
R47,panitumumab_b,3.66,47,47
V110,panitumumab_b,5.97,110,110
D114,panitumumab_b,3.24,114,114
